dataset,full,local_only,global_only,no_attention,no_gate,no_skip,no_dynamics_feats,no_spectral_feats,no_structural_feats,no_sign_propagation,no_rank_norm,mse_only,uniform_pair_weights,no_top_oversampling,global_label_norm,single_model
cargoshipsBB.txt,0.8406,0.6376,0.8288,0.8333,0.8258,0.8251,0.8384,0.8188,0.8288,0.8291,0.8267,0.8215,0.8435,0.8323,0.8204,0.8337
karate.txt,0.8667,-0.0667,0.7333,0.8667,0.8667,0.8667,0.8667,0.7333,0.8667,0.8667,0.7333,0.8667,0.8667,0.8667,0.8667,0.8667
synthetic_test_sf_1000.txt,0.7976,0.7753,0.7851,0.7993,0.7957,0.7947,0.7852,0.7912,0.7987,0.7992,0.8105,0.7922,0.8006,0.7975,0.7880,0.7960
synthetic_test_sf_1300.txt,0.7686,0.7661,0.7607,0.7674,0.7679,0.7705,0.7625,0.7673,0.7665,0.7701,0.7615,0.7638,0.7690,0.7667,0.7649,0.7686
synthetic_test_sf_1750.txt,0.7598,0.7540,0.7547,0.7583,0.7574,0.7620,0.7543,0.7601,0.7570,0.7622,0.7543,0.7552,0.7596,0.7578,0.7557,0.7587
synthetic_test_sf_2000.txt,0.8124,0.7557,0.7873,0.8110,0.8054,0.8111,0.7667,0.8010,0.8144,0.8137,0.8335,0.8042,0.8122,0.8082,0.7933,0.8107
synthetic_test_sf_220.txt,0.8472,0.8535,0.8472,0.8324,0.8387,0.8387,0.8176,0.8451,0.8366,0.8472,0.8577,0.8239,0.8493,0.8493,0.8345,0.8394
synthetic_test_sf_2250.txt,0.7408,0.7341,0.7365,0.7397,0.7383,0.7422,0.7323,0.7407,0.7364,0.7435,0.7398,0.7366,0.7412,0.7392,0.7408,0.7395
synthetic_test_sf_2450.txt,0.7058,0.7061,0.6996,0.7036,0.7018,0.7061,0.7008,0.7057,0.7051,0.7074,0.7141,0.6992,0.7072,0.7072,0.7038,0.7056
synthetic_test_sf_250.txt,0.8400,0.8449,0.8139,0.8449,0.8253,0.8351,0.8792,0.8351,0.8465,0.8302,0.8596,0.8204,0.8416,0.8351,0.8090,0.8482
synthetic_test_sf_2750.txt,0.6913,0.6898,0.6836,0.6904,0.6874,0.6911,0.6875,0.6884,0.6923,0.6926,0.6944,0.6868,0.6917,0.6902,0.6858,0.6904
synthetic_test_sf_2950.txt,0.6810,0.6784,0.6738,0.6801,0.6774,0.6802,0.6759,0.6781,0.6814,0.6827,0.6873,0.6774,0.6807,0.6793,0.6756,0.6798
synthetic_test_sf_450.txt,0.8068,0.8013,0.7963,0.8008,0.8083,0.8183,0.8073,0.8153,0.8043,0.8013,0.8068,0.7958,0.8068,0.8073,0.8118,0.8086
synthetic_test_sf_500.txt,0.8613,0.8245,0.8451,0.8552,0.8556,0.8597,0.8330,0.8528,0.8455,0.8476,0.8524,0.8423,0.8573,0.8605,0.8257,0.8585
synthetic_test_sf_5000.txt,0.7836,0.7283,0.7739,0.7843,0.7822,0.7798,0.7487,0.7744,0.7842,0.7873,0.7940,0.7819,0.7818,0.7800,0.7748,0.7817
synthetic_test_sf_750.txt,0.8109,0.8204,0.8111,0.8030,0.8102,0.8168,0.8046,0.8177,0.8036,0.8048,0.8179,0.8059,0.8116,0.8148,0.8154,0.8101
synthetic_test_sf_950.txt,0.7976,0.7992,0.8060,0.7912,0.8004,0.8021,0.8005,0.8048,0.7972,0.7966,0.7961,0.7939,0.7983,0.8019,0.7992,0.7980
